CPU,Memory,Disk,DiskType,InnoDB,Warehouse,Connections,TpmC,price per month,cost performance ratio,Load Avg Utl,Run Avg Utl,System,Platform,Region,Zone,Provider,IdleL,IdleR
1,3.75,10,0,128,5,50,3163,24.67,0.0078,93.4,63.8,A,GCP,Iowa,us-central1-a,Google,6.6,36.2
2,7.5,10,0,128,5,50,3423,48.94,0.0143,54.6,48.8,B,GCP,Iowa,us-central1-a,Google,45.4,51.2
4,15,10,0,128,5,50,3447,97.49,0.0283,29.5,37.7,C,GCP,Iowa,us-central1-a,Google,70.5,62.3
16,60,10,0,128,5,50,3554,388.76,0.1094,6.5,5.4,F,GCP,Iowa,us-central1-a,Google,93.5,94.6
1,3.75,10,0,128,20,100,1125,24.67,0.0219,93.4,26.4,A,GCP,Iowa,us-central1-a,Google,6.6,73.6
4,15,10,0,128,20,100,1168,97.49,0.0835,28.1,15.3,C,GCP,Iowa,us-central1-a,Google,71.9,84.7
4,15,80,0,128,5,10,3293,100.29,0.0305,28.4,35.1,C,GCP,Iowa,us-central1-a,Google,71.6,64.9
4,15,320,0,128,5,10,7585,109.61,0.0145,28.9,64.1,C,GCP,Iowa,us-central1-a,Google,71.1,35.9
1,3.75,20,0,128,5,10,3208,25.07,0.0078,93.1,62.1,A,GCP,Iowa,us-central1-a,Google,6.9,37.9
1,3.75,80,0,128,5,10,3162,27.47,0.0087,92.2,61.7,A,GCP,Iowa,us-central1-a,Google,7.8,38.3
1,3.75,100,0,128,5,10,3127,28.27,0.009,92.6,61.3,A,GCP,Iowa,us-central1-a,Google,7.4,38.7
1,3.75,320,0,128,5,10,4377,37.07,0.0085,92.8,92.3,A,GCP,Iowa,us-central1-a,Google,7.2,7.7
1,3.75,250,0,128,5,10,4240,34.27,0.0081,92.9,90.7,A,GCP,Iowa,us-central1-a,Google,7.1,9.3
1,3.75,750,0,128,5,10,4712,54.27,0.0115,93,96.8,A,GCP,Iowa,us-central1-a,Google,7,3.2
1,3.75,10,0,16,1,10,1506,24.67,0.0164,93.2,32.1,A,GCP,Iowa,us-central1-a,Google,6.8,67.9
1,3.75,10,0,32,1,10,3397,24.67,0.0073,92.8,61.3,A,GCP,Iowa,us-central1-a,Google,7.2,38.7
1,3.75,10,0,64,1,10,5134,24.67,0.0048,92.4,94.4,A,GCP,Iowa,us-central1-a,Google,7.6,5.6
1,3.75,10,0,128,1,10,5334,24.67,0.0046,92.3,97.8,A,GCP,Iowa,us-central1-a,Google,7.7,2.2
1,3.75,10,0,256,1,10,5611,24.67,0.0044,93.1,98.2,A,GCP,Iowa,us-central1-a,Google,6.9,1.8
1,3.75,10,0,512,1,10,5630,24.67,0.0044,92.7,98,A,GCP,Iowa,us-central1-a,Google,7.3,2
1,3.75,10,0,1024,1,10,5628,24.67,0.0044,92.1,98.1,A,GCP,Iowa,us-central1-a,Google,7.9,1.9
2,7.5,10,0,16,1,10,1521,48.94,0.0322,55.3,27.2,B,GCP,Iowa,us-central1-a,Google,44.7,72.8
2,7.5,10,0,32,1,10,3456,48.94,0.0142,53.8,49.3,B,GCP,Iowa,us-central1-a,Google,46.2,50.7
2,7.5,10,0,64,1,10,6704,48.94,0.0073,53.4,93.5,B,GCP,Iowa,us-central1-a,Google,46.6,6.5
2,7.5,10,0,128,1,10,7893,48.94,0.0062,54.3,96.6,B,GCP,Iowa,us-central1-a,Google,45.7,3.4
2,7.5,10,0,256,1,10,7738,48.94,0.0063,54.5,97,B,GCP,Iowa,us-central1-a,Google,45.5,3
2,7.5,10,0,512,1,10,7796,48.94,0.0063,55.1,96.9,B,GCP,Iowa,us-central1-a,Google,44.9,3.1
2,7.5,10,0,1024,1,10,7757,48.94,0.0063,54.7,96.7,B,GCP,Iowa,us-central1-a,Google,45.3,3.3
4,15,10,0,16,1,10,1548,97.49,0.063,28.1,19.2,C,GCP,Iowa,us-central1-a,Google,71.9,80.8
4,15,10,0,32,1,10,3602,97.49,0.0271,28.9,36.8,C,GCP,Iowa,us-central1-a,Google,71.1,63.2
4,15,10,0,64,1,10,10302,97.49,0.0095,27.9,78.1,C,GCP,Iowa,us-central1-a,Google,72.1,21.9
4,15,10,0,128,1,10,14100,97.49,0.0069,28.9,85.2,C,GCP,Iowa,us-central1-a,Google,71.1,14.8
4,15,10,0,256,1,10,14682,97.49,0.0066,27.6,84.9,C,GCP,Iowa,us-central1-a,Google,72.4,15.1
4,15,10,0,512,1,10,14792,97.49,0.0066,28.3,87,C,GCP,Iowa,us-central1-a,Google,71.7,13
4,15,10,0,1024,1,10,14663,97.49,0.0066,29.2,86.7,C,GCP,Iowa,us-central1-a,Google,70.8,13.3
16,60,10,0,16,1,10,1550,388.76,0.2508,7.6,4.2,F,GCP,Iowa,us-central1-a,Google,92.4,95.8
16,60,10,0,32,1,10,3581,388.76,0.1086,7.1,8.4,F,GCP,Iowa,us-central1-a,Google,92.9,91.6
16,60,10,0,64,1,10,10860,388.76,0.0358,7.5,21.6,F,GCP,Iowa,us-central1-a,Google,92.5,78.4
16,60,10,0,128,1,10,23945,388.76,0.0162,7.2,33.5,F,GCP,Iowa,us-central1-a,Google,92.8,66.5
16,60,10,0,256,1,10,25066,388.76,0.0155,6.8,34.1,F,GCP,Iowa,us-central1-a,Google,93.2,65.9
16,60,10,0,512,1,10,25158,388.76,0.0155,7.8,34.5+L9,F,GCP,Iowa,us-central1-a,Google,92.2,#VALUE!
16,60,10,0,1024,1,10,24808,388.76,0.0157,7.5,33.9,F,GCP,Iowa,us-central1-a,Google,92.5,66.1
1,3.75,500,0,16,1,10,3010,44.27,0.0147,93.8,69.1,A,GCP,Iowa,us-central1-a,Google,6.2,30.9
1,3.75,500,0,32,1,10,4116,44.27,0.0108,93,85.5,A,GCP,Iowa,us-central1-a,Google,7,14.5
1,3.75,500,0,64,1,10,5089,44.27,0.0087,93.2,93.6,A,GCP,Iowa,us-central1-a,Google,6.8,6.4
1,3.75,500,0,128,1,10,5457,44.27,0.0081,93.5,97.8,A,GCP,Iowa,us-central1-a,Google,6.5,2.2
1,3.75,500,0,256,1,10,5461,44.27,0.0081,92.7,76.9,A,GCP,Iowa,us-central1-a,Google,7.3,23.1
1,3.75,500,0,512,1,10,5506,44.27,0.008,93.8,97.6,A,GCP,Iowa,us-central1-a,Google,6.2,2.4
1,3.75,500,0,1024,1,10,5449,44.27,0.0081,93.5,98.1,A,GCP,Iowa,us-central1-a,Google,6.5,1.9
2,7.5,500,0,16,1,10,3702,68.54,0.0185,54.8,68.1,B,GCP,Iowa,us-central1-a,Google,45.2,31.9
2,7.5,500,0,32,1,10,5659,68.54,0.0121,55.2,82.3,B,GCP,Iowa,us-central1-a,Google,44.8,17.7
2,7.5,500,0,64,1,10,7254,68.54,0.0094,54.6,92.7,B,GCP,Iowa,us-central1-a,Google,45.4,7.3
2,7.5,500,0,128,1,10,8195,68.54,0.0084,54.9,97,B,GCP,Iowa,us-central1-a,Google,45.1,3
2,7.5,500,0,256,1,10,8239,68.54,0.0083,55.2,97.3,B,GCP,Iowa,us-central1-a,Google,44.8,2.7
2,7.5,500,0,512,1,10,8306,68.54,0.0083,55,97.1,B,GCP,Iowa,us-central1-a,Google,45,2.9
2,7.5,500,0,1024,1,10,8251,68.54,0.0083,54.7,96.9,B,GCP,Iowa,us-central1-a,Google,45.3,3.1
4,15,500,0,16,1,10,3678,117.09,0.0318,29.1,44.1,C,GCP,Iowa,us-central1-a,Google,70.9,55.9
4,15,500,0,32,1,10,7536,117.09,0.0155,28.8,64.2,C,GCP,Iowa,us-central1-a,Google,71.2,35.8
4,15,500,0,64,1,10,11278,117.09,0.0104,28.1,81.7,C,GCP,Iowa,us-central1-a,Google,71.9,18.3
4,15,500,0,128,1,10,13261,117.09,0.0088,28.7,90.2,C,GCP,Iowa,us-central1-a,Google,71.3,9.8
4,15,500,0,256,1,10,13601,117.09,0.0086,29.2,89.6,C,GCP,Iowa,us-central1-a,Google,70.8,10.4
4,15,500,0,512,1,10,13825,117.09,0.0085,27.7,88.4,C,GCP,Iowa,us-central1-a,Google,72.3,11.6
4,15,500,0,1024,1,10,13568,117.09,0.0086,28.8,89.3,C,GCP,Iowa,us-central1-a,Google,71.2,10.7
16,60,500,0,16,1,10,3927,408.36,0.104,7.2,11.7,F,GCP,Iowa,us-central1-a,Google,92.8,88.3
16,60,500,0,32,1,10,8375,408.36,0.0488,7.1,22.9,F,GCP,Iowa,us-central1-a,Google,92.9,77.1
16,60,500,0,64,1,10,15682,408.36,0.026,7.5,30.2,F,GCP,Iowa,us-central1-a,Google,92.5,69.8
16,60,500,0,128,1,10,21924,408.36,0.0186,7,35.4,F,GCP,Iowa,us-central1-a,Google,93,64.6
16,60,500,0,256,1,10,22821,408.36,0.0179,7.4,36.1,F,GCP,Iowa,us-central1-a,Google,92.6,63.9
16,60,500,0,512,1,10,22524,408.36,0.0181,6.9,35.7,F,GCP,Iowa,us-central1-a,Google,93.1,64.3
16,60,500,0,1024,1,10,22730,408.36,0.018,6.7,35.5,F,GCP,Iowa,us-central1-a,Google,93.3,64.5
1,3.75,10,0,16,5,10,753,24.67,0.0328,94.4,23.8,A,GCP,Iowa,us-central1-a,Google,5.6,76.2
1,3.75,10,0,32,5,10,1060,24.67,0.0233,93.9,29.7,A,GCP,Iowa,us-central1-a,Google,6.1,70.3
1,3.75,10,0,64,5,10,1644,24.67,0.015,94.1,38.2,A,GCP,Iowa,us-central1-a,Google,5.9,61.8
1,3.75,10,0,128,5,10,3230,24.67,0.0076,93.1,63.3,A,GCP,Iowa,us-central1-a,Google,6.9,36.7
1,3.75,10,0,256,5,10,4549,24.67,0.0054,92.9,93.7,A,GCP,Iowa,us-central1-a,Google,7.1,6.3
1,3.75,10,0,512,5,10,4890,24.67,0.005,94,97.2,A,GCP,Iowa,us-central1-a,Google,6,2.8
1,3.75,10,0,1024,5,10,4867,24.67,0.0051,94.3,97.4,A,GCP,Iowa,us-central1-a,Google,5.7,2.6
2,7.5,10,0,16,5,10,787,48.94,0.0622,56.7,17.1,B,GCP,Iowa,us-central1-a,Google,43.3,82.9
2,7.5,10,0,32,5,10,1086,48.94,0.0451,55.8,22.8,B,GCP,Iowa,us-central1-a,Google,44.2,77.2
2,7.5,10,0,64,5,10,1729,48.94,0.0283,55.8,29.2,B,GCP,Iowa,us-central1-a,Google,44.2,70.8
2,7.5,10,0,128,5,10,3378,48.94,0.0145,55.4,49.2,B,GCP,Iowa,us-central1-a,Google,44.6,50.8
2,7.5,10,0,256,5,10,6771,48.94,0.0072,54.3,95.3,B,GCP,Iowa,us-central1-a,Google,45.7,4.7
2,7.5,10,0,512,5,10,7162,48.94,0.0068,55,97.8,B,GCP,Iowa,us-central1-a,Google,45,2.2
2,7.5,10,0,1024,5,10,7139,48.94,0.0069,56.1,97.6,B,GCP,Iowa,us-central1-a,Google,43.9,2.4
4,15,10,0,16,5,10,800,97.49,0.1219,29.3,11.5,C,GCP,Iowa,us-central1-a,Google,70.7,88.5
4,15,10,0,32,5,10,1111,97.49,0.0877,28.9,13.8,C,GCP,Iowa,us-central1-a,Google,71.1,86.2
4,15,10,0,64,5,10,1782,97.49,0.0547,28.8,19.3,C,GCP,Iowa,us-central1-a,Google,71.2,80.7
4,15,10,0,128,5,10,3501,97.49,0.0278,29.1,37.7,C,GCP,Iowa,us-central1-a,Google,70.9,62.3
4,15,10,0,256,5,10,8255,97.49,0.0118,28.2,77.2,C,GCP,Iowa,us-central1-a,Google,71.8,22.8
4,15,10,0,512,5,10,14090,97.49,0.0069,27.3,93.4,C,GCP,Iowa,us-central1-a,Google,72.7,6.6
4,15,10,0,1024,5,10,14513,97.49,0.0067,28.4,94.9,C,GCP,Iowa,us-central1-a,Google,71.6,5.1
16,60,10,0,16,5,10,766,388.76,0.5075,7.3,2.7,F,GCP,Iowa,us-central1-a,Google,92.7,97.3
16,60,10,0,32,5,10,1096,388.76,0.3547,7.1,3.6,F,GCP,Iowa,us-central1-a,Google,92.9,96.4
16,60,10,0,64,5,10,1759,388.76,0.221,6.9,5.1,F,GCP,Iowa,us-central1-a,Google,93.1,94.9
16,60,10,0,128,5,10,3499,388.76,0.1111,6.8,8.8,F,GCP,Iowa,us-central1-a,Google,93.2,91.2
16,60,10,0,256,5,10,8865,388.76,0.0439,7.7,21.2,F,GCP,Iowa,us-central1-a,Google,92.3,78.8
16,60,10,0,512,5,10,30810,388.76,0.0126,7.2,48.3,F,GCP,Iowa,us-central1-a,Google,92.8,51.7
16,60,10,0,1024,5,10,29700,388.76,0.0131,7.8,46.7,F,GCP,Iowa,us-central1-a,Google,92.2,53.3
8,30,10,0,16,1,10,1552,194.58,0.1254,14.3,7.8,D,GCP,Iowa,us-central1-a,Google,85.7,92.2
8,30,10,0,32,1,10,3473,194.58,0.056,14.9,13.9,D,GCP,Iowa,us-central1-a,Google,85.1,86.1
8,30,10,0,64,1,10,10560,194.58,0.0184,15.2,36.1,D,GCP,Iowa,us-central1-a,Google,84.8,63.9
8,30,10,0,128,1,10,19623,194.58,0.0099,13.8,61.2,D,GCP,Iowa,us-central1-a,Google,86.2,38.8
8,30,10,0,256,1,10,20278,194.58,0.0096,14.5,64.8,D,GCP,Iowa,us-central1-a,Google,85.5,35.2
8,30,10,0,512,1,10,19874,194.58,0.0098,14.1,63.5,D,GCP,Iowa,us-central1-a,Google,85.9,36.5
8,30,10,0,1024,1,10,19963,194.58,0.0097,14.7,65.2,D,GCP,Iowa,us-central1-a,Google,85.3,34.8
8,30,500,0,16,1,10,3438,214.18,0.0623,14.8,24.2,D,GCP,Iowa,us-central1-a,Google,85.2,75.8
8,30,500,0,32,1,10,7888,214.18,0.0272,14.3,38.6,D,GCP,Iowa,us-central1-a,Google,85.7,61.4
8,30,500,0,64,1,10,13266,214.18,0.0161,14.6,56.7,D,GCP,Iowa,us-central1-a,Google,85.4,43.3
8,30,500,0,128,1,10,16678,214.18,0.0128,13.8,63.2,D,GCP,Iowa,us-central1-a,Google,86.2,36.8
8,30,500,0,256,1,10,17118,214.18,0.0125,15.1,63.5,D,GCP,Iowa,us-central1-a,Google,84.9,36.5
8,30,500,0,512,1,10,17513,214.18,0.0122,14.9,64.3,D,GCP,Iowa,us-central1-a,Google,85.1,35.7
8,30,500,0,1024,1,10,17693,214.18,0.0121,14.3,64.7,D,GCP,Iowa,us-central1-a,Google,85.7,35.3
8,30,10,0,16,5,10,880,194.58,0.2211,14.1,5.8,D,GCP,Iowa,us-central1-a,Google,85.9,94.2
8,30,10,0,32,5,10,1177,194.58,0.1653,14.6,6.6,D,GCP,Iowa,us-central1-a,Google,85.4,93.4
8,30,10,0,64,5,10,1737,194.58,0.112,14.8,8.9,D,GCP,Iowa,us-central1-a,Google,85.2,91.1
8,30,10,0,128,5,10,3393,194.58,0.0573,13.9,15,D,GCP,Iowa,us-central1-a,Google,86.1,85
8,30,10,0,256,5,10,8408,194.58,0.0231,14.7,37.4,D,GCP,Iowa,us-central1-a,Google,85.3,62.6
8,30,10,0,512,5,10,22670,194.58,0.0086,15.1,76.8,D,GCP,Iowa,us-central1-a,Google,84.9,23.2
8,30,10,0,1024,5,10,24047,194.58,0.0081,14.8,79.3,D,GCP,Iowa,us-central1-a,Google,85.2,20.7
8,30,500,0,16,5,10,2756,214.18,0.0777,14.2,15.2,D,GCP,Iowa,us-central1-a,Google,85.8,84.8
8,30,500,0,32,5,10,3786,214.18,0.0566,15,18.5,D,GCP,Iowa,us-central1-a,Google,85,81.5
8,30,500,0,64,5,10,5531,214.18,0.0387,14.7,26.5,D,GCP,Iowa,us-central1-a,Google,85.3,73.5
8,30,500,0,128,5,10,10499,214.18,0.0204,13.9,47.3,D,GCP,Iowa,us-central1-a,Google,86.1,52.7
8,30,500,0,256,5,10,16247,214.18,0.0132,14.3,59.1,D,GCP,Iowa,us-central1-a,Google,85.7,40.9
8,30,500,0,512,5,10,21449,214.18,0.01,14.5,73.7,D,GCP,Iowa,us-central1-a,Google,85.5,26.3
8,30,500,0,1024,5,10,22234,214.18,0.0096,14.8,74.1,D,GCP,Iowa,us-central1-a,Google,85.2,25.9
1,3.75,500,0,16,5,10,2817,44.27,0.0157,93.8,63.4,A,GCP,Iowa,us-central1-a,Google,6.2,36.6
1,3.75,500,0,32,5,10,3290,44.27,0.0135,92.3,70.2,A,GCP,Iowa,us-central1-a,Google,7.7,29.8
1,3.75,500,0,64,5,10,3777,44.27,0.0117,91.9,85.8,A,GCP,Iowa,us-central1-a,Google,8.1,14.2
1,3.75,500,0,128,5,10,4344,44.27,0.0102,93.2,93.6,A,GCP,Iowa,us-central1-a,Google,6.8,6.4
1,3.75,500,0,256,5,10,4718,44.27,0.0094,92.8,97.2,A,GCP,Iowa,us-central1-a,Google,7.2,2.8
1,3.75,500,0,512,5,10,4864,44.27,0.0091,93.7,97.8,A,GCP,Iowa,us-central1-a,Google,6.3,2.2
1,3.75,500,0,1024,5,10,4844,44.27,0.0091,92.5,96.9,A,GCP,Iowa,us-central1-a,Google,7.5,3.1
2,7.5,500,0,16,5,10,2809,68.54,0.0244,56.1,53.6,B,GCP,Iowa,us-central1-a,Google,43.9,46.4
2,7.5,500,0,32,5,10,3734,68.54,0.0184,55.7,64.9,B,GCP,Iowa,us-central1-a,Google,44.3,35.1
2,7.5,500,0,64,5,10,4971,68.54,0.0138,56.4,78.2,B,GCP,Iowa,us-central1-a,Google,43.6,21.8
2,7.5,500,0,128,5,10,6236,68.54,0.011,56.2,86.7,B,GCP,Iowa,us-central1-a,Google,43.8,13.3
2,7.5,500,0,256,5,10,7538,68.54,0.0091,55.9,96,B,GCP,Iowa,us-central1-a,Google,44.1,4
2,7.5,500,0,512,5,10,8056,68.54,0.0085,56,97.7,B,GCP,Iowa,us-central1-a,Google,44,2.3
2,7.5,500,0,1024,5,10,8249,68.54,0.0083,56.3,97.5,B,GCP,Iowa,us-central1-a,Google,43.7,2.5
4,15,500,0,16,5,10,2799,117.09,0.0418,27.8,30.2,C,GCP,Iowa,us-central1-a,Google,72.2,69.8
4,15,500,0,32,5,10,3809,117.09,0.0307,28.3,39.8,C,GCP,Iowa,us-central1-a,Google,71.7,60.2
4,15,500,0,64,5,10,5533,117.09,0.0212,28,52.5,C,GCP,Iowa,us-central1-a,Google,72,47.5
4,15,500,0,128,5,10,9091,117.09,0.0129,27.6,71.3,C,GCP,Iowa,us-central1-a,Google,72.4,28.7
4,15,500,0,256,5,10,12891,117.09,0.0091,29.3,89.8,C,GCP,Iowa,us-central1-a,Google,70.7,10.2
4,15,500,0,512,5,10,15151,117.09,0.0077,28.5,94.5,C,GCP,Iowa,us-central1-a,Google,71.5,5.5
4,15,500,0,1024,5,10,15646,117.09,0.0075,28.9,93.6,C,GCP,Iowa,us-central1-a,Google,71.1,6.4
16,60,500,0,16,5,10,2491,408.36,0.1639,6.9,8.5,F,GCP,Iowa,us-central1-a,Google,93.1,91.5
16,60,500,0,32,5,10,3880,408.36,0.1052,7.7,12.3,F,GCP,Iowa,us-central1-a,Google,92.3,87.7
16,60,500,0,64,5,10,5569,408.36,0.0733,7.3,16.8,F,GCP,Iowa,us-central1-a,Google,92.7,83.2
16,60,500,0,128,5,10,10793,408.36,0.0378,7.5,29.3,F,GCP,Iowa,us-central1-a,Google,92.5,70.7
16,60,500,0,256,5,10,18466,408.36,0.0221,7.4,38.6,F,GCP,Iowa,us-central1-a,Google,92.6,61.4
16,60,500,0,512,5,10,26065,408.36,0.0157,6.8,43.7,F,GCP,Iowa,us-central1-a,Google,93.2,56.3
16,60,500,0,1024,5,10,27768,408.36,0.0147,7.6,42.5,F,GCP,Iowa,us-central1-a,Google,92.4,57.5
1,3.75,10,1,16,1,10,1611,25.97,0.0161,92.6,39.6,A,GCP,Iowa,us-central1-a,Google,7.4,60.4
1,3.75,10,1,32,1,10,3299,25.97,0.0079,92.9,64.6,A,GCP,Iowa,us-central1-a,Google,7.1,35.4
1,3.75,10,1,64,1,10,6093,25.97,0.0043,93.7,92.9,A,GCP,Iowa,us-central1-a,Google,6.3,7.1
1,3.75,10,1,128,1,10,6775,25.97,0.0038,93,97.2,A,GCP,Iowa,us-central1-a,Google,7,2.8
1,3.75,10,1,256,1,10,6860,25.97,0.0038,93.5,96.8,A,GCP,Iowa,us-central1-a,Google,6.5,3.2
1,3.75,10,1,512,1,10,6879,25.97,0.0038,92.6,96.1,A,GCP,Iowa,us-central1-a,Google,7.4,3.9
1,3.75,10,1,1024,1,10,6852,25.97,0.0038,93.4,97.2,A,GCP,Iowa,us-central1-a,Google,6.6,2.8
2,7.5,10,1,16,1,10,1548,50.24,0.0325,56.8,31.5,B,GCP,Iowa,us-central1-a,Google,43.2,68.5
2,7.5,10,1,32,1,10,3612,50.24,0.0139,56.4,53.8,B,GCP,Iowa,us-central1-a,Google,43.6,46.2
2,7.5,10,1,64,1,10,7654,50.24,0.0066,57.1,93.2,B,GCP,Iowa,us-central1-a,Google,42.9,6.8
2,7.5,10,1,128,1,10,8637,50.24,0.0058,56.9,96.6,B,GCP,Iowa,us-central1-a,Google,43.1,3.4
2,7.5,10,1,256,1,10,8741,50.24,0.0057,56.3,97.1,B,GCP,Iowa,us-central1-a,Google,43.7,2.9
2,7.5,10,1,512,1,10,8785,50.24,0.0057,57,97.4,B,GCP,Iowa,us-central1-a,Google,43,2.6
2,7.5,10,1,1024,1,10,8713,50.24,0.0058,56.2,96.3,B,GCP,Iowa,us-central1-a,Google,43.8,3.7
4,15,10,1,16,1,10,1555,98.79,0.0635,28.8,15.1,C,GCP,Iowa,us-central1-a,Google,71.2,84.9
4,15,10,1,32,1,10,3765,98.79,0.0262,27.9,30.7,C,GCP,Iowa,us-central1-a,Google,72.1,69.3
4,15,10,1,64,1,10,9185,98.79,0.0108,29.2,58.9,C,GCP,Iowa,us-central1-a,Google,70.8,41.1
4,15,10,1,128,1,10,13682,98.79,0.0072,28.3,87.2,C,GCP,Iowa,us-central1-a,Google,71.7,12.8
4,15,10,1,256,1,10,13989,98.79,0.0071,28.6,88.6,C,GCP,Iowa,us-central1-a,Google,71.4,11.4
4,15,10,1,512,1,10,14028,98.79,0.007,28.4,89.9,C,GCP,Iowa,us-central1-a,Google,71.6,10.1
4,15,10,1,1024,1,10,14087,98.79,0.007,28,87.4,C,GCP,Iowa,us-central1-a,Google,72,12.6
8,30,10,1,16,1,10,1550,195.88,0.1264,14.3,8.1,D,GCP,Iowa,us-central1-a,Google,85.7,91.9
8,30,10,1,32,1,10,3545,195.88,0.0553,14.7,14.7,D,GCP,Iowa,us-central1-a,Google,85.3,85.3
8,30,10,1,64,1,10,8917,195.88,0.022,14.2,32.3,D,GCP,Iowa,us-central1-a,Google,85.8,67.7
8,30,10,1,128,1,10,19211,195.88,0.0102,15.1,63.2,D,GCP,Iowa,us-central1-a,Google,84.9,36.8
8,30,10,1,256,1,10,19618,195.88,0.01,14.8,64.7,D,GCP,Iowa,us-central1-a,Google,85.2,35.3
8,30,10,1,512,1,10,19450,195.88,0.0101,14.2,65.3,D,GCP,Iowa,us-central1-a,Google,85.8,34.7
8,30,10,1,1024,1,10,19553,195.88,0.01,14.8,64.8,D,GCP,Iowa,us-central1-a,Google,85.2,35.2
1,3.75,10,1,16,5,10,1297,25.97,0.02,92.1,28.3,A,GCP,Iowa,us-central1-a,Google,7.9,71.7
1,3.75,10,1,32,5,10,1900,25.97,0.0137,93.6,39.8,A,GCP,Iowa,us-central1-a,Google,6.4,60.2
1,3.75,10,1,64,5,10,2906,25.97,0.0089,92.7,56.5,A,GCP,Iowa,us-central1-a,Google,7.3,43.5
1,3.75,10,1,128,5,10,4753,25.97,0.0055,92.3,77.3,A,GCP,Iowa,us-central1-a,Google,7.7,22.7
1,3.75,10,1,256,5,10,6344,25.97,0.0041,93.4,93.7,A,GCP,Iowa,us-central1-a,Google,6.6,6.3
1,3.75,10,1,512,5,10,6579,25.97,0.0039,93.7,97.2,A,GCP,Iowa,us-central1-a,Google,6.3,2.8
1,3.75,10,1,1024,5,10,6772,25.97,0.0038,93.1,97.6,A,GCP,Iowa,us-central1-a,Google,6.9,2.4
2,7.5,10,1,16,5,10,1216,50.24,0.0413,57.2,24.6,B,GCP,Iowa,us-central1-a,Google,42.8,75.4
2,7.5,10,1,32,5,10,1868,50.24,0.0269,56.7,34.1,B,GCP,Iowa,us-central1-a,Google,43.3,65.9
2,7.5,10,1,64,5,10,3135,50.24,0.016,55.9,47,B,GCP,Iowa,us-central1-a,Google,44.1,53
2,7.5,10,1,128,5,10,5267,50.24,0.0095,56.2,69.8,B,GCP,Iowa,us-central1-a,Google,43.8,30.2
2,7.5,10,1,256,5,10,8197,50.24,0.0061,57,94.1,B,GCP,Iowa,us-central1-a,Google,43,5.9
2,7.5,10,1,512,5,10,8621,50.24,0.0058,56.5,97.5,B,GCP,Iowa,us-central1-a,Google,43.5,2.5
2,7.5,10,1,1024,5,10,8755,50.24,0.0057,56.9,97.4,B,GCP,Iowa,us-central1-a,Google,43.1,2.6
4,15,10,1,16,5,10,1187,98.79,0.0832,27.3,13.2,C,GCP,Iowa,us-central1-a,Google,72.7,86.8
4,15,10,1,32,5,10,1829,98.79,0.054,27.9,17.8,C,GCP,Iowa,us-central1-a,Google,72.1,82.2
4,15,10,1,64,5,10,2996,98.79,0.033,28.4,23.6,C,GCP,Iowa,us-central1-a,Google,71.6,76.4
4,15,10,1,128,5,10,5414,98.79,0.0182,27.1,39.8,C,GCP,Iowa,us-central1-a,Google,72.9,60.2
4,15,10,1,256,5,10,9386,98.79,0.0105,26.9,59.3,C,GCP,Iowa,us-central1-a,Google,73.1,40.7
4,15,10,1,512,5,10,12267,98.79,0.0081,28,94.3,C,GCP,Iowa,us-central1-a,Google,72,5.7
4,15,10,1,1024,5,10,12147,98.79,0.0081,27.8,93.9,C,GCP,Iowa,us-central1-a,Google,72.2,6.1
8,30,10,1,16,5,10,1167,195.88,0.1678,15.2,8.5,D,GCP,Iowa,us-central1-a,Google,84.8,91.5
8,30,10,1,32,5,10,1801,195.88,0.1088,14.7,13.4,D,GCP,Iowa,us-central1-a,Google,85.3,86.6
8,30,10,1,64,5,10,2910,195.88,0.0673,14.9,19.3,D,GCP,Iowa,us-central1-a,Google,85.1,80.7
8,30,10,1,128,5,10,5407,195.88,0.0362,14,29.2,D,GCP,Iowa,us-central1-a,Google,86,70.8
8,30,10,1,256,5,10,9506,195.88,0.0206,15.2,43.6,D,GCP,Iowa,us-central1-a,Google,84.8,56.4
8,30,10,1,512,5,10,12559,195.88,0.0156,15,71.2,D,GCP,Iowa,us-central1-a,Google,85,28.8
8,30,10,1,1024,5,10,12338,195.88,0.0159,14.8,73.7,D,GCP,Iowa,us-central1-a,Google,85.2,26.3
1,3.75,500,1,16,1,10,2659,109.27,0.0411,92.3,71.5,A,GCP,Iowa,us-central1-a,Google,7.7,28.5
1,3.75,500,1,32,1,10,3742,109.27,0.0292,91.8,86.3,A,GCP,Iowa,us-central1-a,Google,8.2,13.7
1,3.75,500,1,64,1,10,4983,109.27,0.0219,93.4,92.1,A,GCP,Iowa,us-central1-a,Google,6.6,7.9
1,3.75,500,1,128,1,10,5409,109.27,0.0202,93.7,96.4,A,GCP,Iowa,us-central1-a,Google,6.3,3.6
1,3.75,500,1,256,1,10,5458,109.27,0.02,92.5,97,A,GCP,Iowa,us-central1-a,Google,7.5,3
1,3.75,500,1,512,1,10,5488,109.27,0.0199,92.9,96.8,A,GCP,Iowa,us-central1-a,Google,7.1,3.2
1,3.75,500,1,1024,1,10,5456,109.27,0.02,93.1,97.3,A,GCP,Iowa,us-central1-a,Google,6.9,2.7
2,7.5,500,1,16,1,10,3979,133.54,0.0336,56.6,69.2,B,GCP,Iowa,us-central1-a,Google,43.4,30.8
2,7.5,500,1,32,1,10,5724,133.54,0.0233,56.4,81.3,B,GCP,Iowa,us-central1-a,Google,43.6,18.7
2,7.5,500,1,64,1,10,7499,133.54,0.0178,56.9,92.1,B,GCP,Iowa,us-central1-a,Google,43.1,7.9
2,7.5,500,1,128,1,10,8444,133.54,0.0158,57,96.7,B,GCP,Iowa,us-central1-a,Google,43,3.3
2,7.5,500,1,256,1,10,8569,133.54,0.0156,56.1,97.1,B,GCP,Iowa,us-central1-a,Google,43.9,2.9
2,7.5,500,1,512,1,10,8562,133.54,0.0156,57.2,96.6,B,GCP,Iowa,us-central1-a,Google,42.8,3.4
2,7.5,500,1,1024,1,10,8479,133.54,0.0157,56.9,96.9,B,GCP,Iowa,us-central1-a,Google,43.1,3.1
4,15,500,1,16,1,10,4903,182.09,0.0371,29.3,51.4,C,GCP,Iowa,us-central1-a,Google,70.7,48.6
4,15,500,1,32,1,10,7939,182.09,0.0229,29.7,69.5,C,GCP,Iowa,us-central1-a,Google,70.3,30.5
4,15,500,1,64,1,10,12035,182.09,0.0151,28.2,84.1,C,GCP,Iowa,us-central1-a,Google,71.8,15.9
4,15,500,1,128,1,10,14117,182.09,0.0129,29.8,87.9,C,GCP,Iowa,us-central1-a,Google,70.2,12.1
4,15,500,1,256,1,10,14459,182.09,0.0126,28.6,90.4,C,GCP,Iowa,us-central1-a,Google,71.4,9.6
4,15,500,1,512,1,10,14362,182.09,0.0127,29.1,88.7,C,GCP,Iowa,us-central1-a,Google,70.9,11.3
4,15,500,1,1024,1,10,14376,182.09,0.0127,28.5,89.3,C,GCP,Iowa,us-central1-a,Google,71.5,10.7
8,30,500,1,16,1,10,5607,279.18,0.0498,15.3,32.6,D,GCP,Iowa,us-central1-a,Google,84.7,67.4
8,30,500,1,32,1,10,9366,279.18,0.0298,14.4,43.9,D,GCP,Iowa,us-central1-a,Google,85.6,56.1
8,30,500,1,64,1,10,15696,279.18,0.0178,15.6,59.1,D,GCP,Iowa,us-central1-a,Google,84.4,40.9
8,30,500,1,128,1,10,18873,279.18,0.0148,14.5,63.4,D,GCP,Iowa,us-central1-a,Google,85.5,36.6
8,30,500,1,256,1,10,19355,279.18,0.0144,14.9,64.7,D,GCP,Iowa,us-central1-a,Google,85.1,35.3
8,30,500,1,512,1,10,19177,279.18,0.0146,14.7,64.3,D,GCP,Iowa,us-central1-a,Google,85.3,35.7
8,30,500,1,1024,1,10,19427,279.18,0.0144,15.5,65.8,D,GCP,Iowa,us-central1-a,Google,84.5,34.2
1,3.75,500,1,16,5,10,2917,109.27,0.0375,92.7,77.8,A,GCP,Iowa,us-central1-a,Google,7.3,22.2
1,3.75,500,1,32,5,10,3253,109.27,0.0336,93.1,82.3,A,GCP,Iowa,us-central1-a,Google,6.9,17.7
1,3.75,500,1,64,5,10,3805,109.27,0.0287,92.6,86.5,A,GCP,Iowa,us-central1-a,Google,7.4,13.5
1,3.75,500,1,128,5,10,4379,109.27,0.025,92.7,93.1,A,GCP,Iowa,us-central1-a,Google,7.3,6.9
1,3.75,500,1,256,5,10,4778,109.27,0.0229,93,96.9,A,GCP,Iowa,us-central1-a,Google,7,3.1
1,3.75,500,1,512,5,10,4992,109.27,0.0219,92.5,96.8,A,GCP,Iowa,us-central1-a,Google,7.5,3.2
1,3.75,500,1,1024,5,10,5058,109.27,0.0216,92.8,97.1,A,GCP,Iowa,us-central1-a,Google,7.2,2.9
2,7.5,500,1,16,5,10,4068,133.54,0.0328,57.4,71.1,B,GCP,Iowa,us-central1-a,Google,42.6,28.9
2,7.5,500,1,32,5,10,4807,133.54,0.0278,57,77.8,B,GCP,Iowa,us-central1-a,Google,43,22.2
2,7.5,500,1,64,5,10,5740,133.54,0.0233,57.7,84.5,B,GCP,Iowa,us-central1-a,Google,42.3,15.5
2,7.5,500,1,128,5,10,6935,133.54,0.0193,56.9,91,B,GCP,Iowa,us-central1-a,Google,43.1,9
2,7.5,500,1,256,5,10,7977,133.54,0.0167,56.3,96.8,B,GCP,Iowa,us-central1-a,Google,43.7,3.2
2,7.5,500,1,512,5,10,8513,133.54,0.0157,56.8,97.3,B,GCP,Iowa,us-central1-a,Google,43.2,2.7
2,7.5,500,1,1024,5,10,8645,133.54,0.0154,57.1,97.3,B,GCP,Iowa,us-central1-a,Google,42.9,2.7
4,15,500,1,16,5,10,5047,182.09,0.0361,27.5,52.2,C,GCP,Iowa,us-central1-a,Google,72.5,47.8
4,15,500,1,32,5,10,6601,182.09,0.0276,28.9,63.7,C,GCP,Iowa,us-central1-a,Google,71.1,36.3
4,15,500,1,64,5,10,8658,182.09,0.021,28.3,74.6,C,GCP,Iowa,us-central1-a,Google,71.7,25.4
4,15,500,1,128,5,10,11448,182.09,0.0159,29.6,86.1,C,GCP,Iowa,us-central1-a,Google,70.4,13.9
4,15,500,1,256,5,10,14005,182.09,0.013,28.1,91.7,C,GCP,Iowa,us-central1-a,Google,71.9,8.3
4,15,500,1,512,5,10,15329,182.09,0.0119,28.4,95.7,C,GCP,Iowa,us-central1-a,Google,71.6,4.3
4,15,500,1,1024,5,10,15695,182.09,0.0116,28.8,96.8,C,GCP,Iowa,us-central1-a,Google,71.2,3.2
8,30,500,1,16,5,10,6286,279.18,0.0444,15.2,31.8,D,GCP,Iowa,us-central1-a,Google,84.8,68.2
8,30,500,1,32,5,10,8728,279.18,0.032,15.7,40.2,D,GCP,Iowa,us-central1-a,Google,84.3,59.8
8,30,500,1,64,5,10,11381,279.18,0.0245,14.8,52.9,D,GCP,Iowa,us-central1-a,Google,85.2,47.1
8,30,500,1,128,5,10,16264,279.18,0.0172,15,70.3,D,GCP,Iowa,us-central1-a,Google,85,29.7
8,30,500,1,256,5,10,20890,279.18,0.0134,14.3,74.5,D,GCP,Iowa,us-central1-a,Google,85.7,25.5
8,30,500,1,512,5,10,22429,279.18,0.0124,15.8,78.9,D,GCP,Iowa,us-central1-a,Google,84.2,21.1
8,30,500,1,1024,5,10,23689,279.18,0.0118,14.5,77.6,D,GCP,Iowa,us-central1-a,Google,85.5,22.4
16,60,10,1,16,1,10,1510,390.06,0.2583,6.2,2.8,F,GCP,Iowa,us-central1-a,Google,93.8,97.2
16,60,10,1,32,1,10,3452,390.06,0.113,6.8,5.2,F,GCP,Iowa,us-central1-a,Google,93.2,94.8
16,60,10,1,64,1,10,9251,390.06,0.0422,6.3,11.3,F,GCP,Iowa,us-central1-a,Google,93.7,88.7
16,60,10,1,128,1,10,21761,390.06,0.0179,7.1,25.7,F,GCP,Iowa,us-central1-a,Google,92.9,74.3
16,60,10,1,256,1,10,23760,390.06,0.0164,6.5,27.6,F,GCP,Iowa,us-central1-a,Google,93.5,72.4
16,60,10,1,512,1,10,24026,390.06,0.0162,7,28.1,F,GCP,Iowa,us-central1-a,Google,93,71.9
16,60,10,1,1024,1,10,23012,390.06,0.017,6.9,27.2,F,GCP,Iowa,us-central1-a,Google,93.1,72.8
16,60,10,1,16,5,10,1155,390.06,0.3377,6.7,2.9,F,GCP,Iowa,us-central1-a,Google,93.3,97.1
16,60,10,1,32,5,10,1719,390.06,0.2269,6.1,3.6,F,GCP,Iowa,us-central1-a,Google,93.9,96.4
16,60,10,1,64,5,10,2794,390.06,0.1396,6.9,5.4,F,GCP,Iowa,us-central1-a,Google,93.1,94.6
16,60,10,1,128,5,10,5225,390.06,0.0747,6.5,7.9,F,GCP,Iowa,us-central1-a,Google,93.5,92.1
16,60,10,1,256,5,10,9228,390.06,0.0423,6.4,12.1,F,GCP,Iowa,us-central1-a,Google,93.6,87.9
16,60,10,1,512,5,10,12257,390.06,0.0318,6.6,16.1,F,GCP,Iowa,us-central1-a,Google,93.4,83.9
16,60,10,1,1024,5,10,12228,390.06,0.0319,6.8,15.7,F,GCP,Iowa,us-central1-a,Google,93.2,84.3
16,60,500,1,16,1,10,6149,473.36,0.077,6.2,12.3,F,GCP,Iowa,us-central1-a,Google,93.8,87.7
16,60,500,1,32,1,10,11218,473.36,0.0422,6.1,17.3,F,GCP,Iowa,us-central1-a,Google,93.9,82.7
16,60,500,1,64,1,10,18643,473.36,0.0254,6.7,24.4,F,GCP,Iowa,us-central1-a,Google,93.3,75.6
16,60,500,1,128,1,10,23433,473.36,0.0202,6.3,26.7,F,GCP,Iowa,us-central1-a,Google,93.7,73.3
16,60,500,1,256,1,10,24232,473.36,0.0195,6.5,27.4,F,GCP,Iowa,us-central1-a,Google,93.5,72.6
16,60,500,1,512,1,10,24047,473.36,0.0197,6.7,26.8,F,GCP,Iowa,us-central1-a,Google,93.3,73.2
16,60,500,1,1024,1,10,23497,473.36,0.0201,6.3,27.2,F,GCP,Iowa,us-central1-a,Google,93.7,72.8
16,60,500,1,16,5,10,7032,473.36,0.0673,6.5,13.2,F,GCP,Iowa,us-central1-a,Google,93.5,86.8
16,60,500,1,32,5,10,9862,473.36,0.048,6.7,14.7,F,GCP,Iowa,us-central1-a,Google,93.3,85.3
16,60,500,1,64,5,10,13296,473.36,0.0356,6.4,19.8,F,GCP,Iowa,us-central1-a,Google,93.6,80.2
16,60,500,1,128,5,10,19632,473.36,0.0241,6.9,26.2,F,GCP,Iowa,us-central1-a,Google,93.1,73.8
16,60,500,1,256,5,10,26142,473.36,0.0181,6.2,36.8,F,GCP,Iowa,us-central1-a,Google,93.8,63.2
16,60,500,1,512,5,10,29043,473.36,0.0163,6.1,41.7,F,GCP,Iowa,us-central1-a,Google,93.9,58.3
16,60,500,1,1024,5,10,30266,473.36,0.0156,6.8,42.5,F,GCP,Iowa,us-central1-a,Google,93.2,57.5
12,45,10,0,16,1,10,1458,306.06,0.2099,9.3,3.1,E,GCP,Iowa,us-central1-a,Google,90.7,96.9
12,45,10,0,32,1,10,3318,306.06,0.0922,8.7,7.5,E,GCP,Iowa,us-central1-a,Google,91.3,92.5
12,45,10,0,64,1,10,9974,306.06,0.0307,8.9,21.7,E,GCP,Iowa,us-central1-a,Google,91.1,78.3
12,45,10,0,128,1,10,22095,306.06,0.0139,8.5,41.6,E,GCP,Iowa,us-central1-a,Google,91.5,58.4
12,45,10,0,256,1,10,23182,306.06,0.0132,8.6,43.7,E,GCP,Iowa,us-central1-a,Google,91.4,56.3
12,45,10,0,512,1,10,23378,306.06,0.0131,9.3,43.3,E,GCP,Iowa,us-central1-a,Google,90.7,56.7
12,45,10,0,1024,1,10,23528,306.06,0.013,8.6,44.8,E,GCP,Iowa,us-central1-a,Google,91.4,56.7
12,45,10,0,16,5,10,872,306.06,0.351,9,2.6,E,GCP,Iowa,us-central1-a,Google,91,97.4
12,45,10,0,32,5,10,1182,306.06,0.2589,8.8,3.5,E,GCP,Iowa,us-central1-a,Google,91.2,96.5
12,45,10,0,64,5,10,1592,306.06,0.1922,8.6,4.1,E,GCP,Iowa,us-central1-a,Google,91.4,95.9
12,45,10,0,128,5,10,3421,306.06,0.0895,9.1,7.9,E,GCP,Iowa,us-central1-a,Google,90.9,92.1
12,45,10,0,256,5,10,8466,306.06,0.0362,8.9,16.4,E,GCP,Iowa,us-central1-a,Google,91.1,83.6
12,45,10,0,512,5,10,24776,306.06,0.0124,8.7,47.9,E,GCP,Iowa,us-central1-a,Google,91.3,52.1
12,45,10,0,1024,5,10,23651,306.06,0.0129,9.2,47.2,E,GCP,Iowa,us-central1-a,Google,90.8,52.8
12,45,500,0,16,1,10,3217,325.66,0.1012,8.6,7.8,E,GCP,Iowa,us-central1-a,Google,91.4,92.2
12,45,500,0,32,1,10,8176,325.66,0.0398,9.2,16.2,E,GCP,Iowa,us-central1-a,Google,90.8,83.8
12,45,500,0,64,1,10,14461,325.66,0.0225,8.7,25.6,E,GCP,Iowa,us-central1-a,Google,91.3,74.4
12,45,500,0,128,1,10,22189,325.66,0.0147,8.4,34.5,E,GCP,Iowa,us-central1-a,Google,91.6,65.5
12,45,500,0,256,1,10,23003,325.66,0.0142,9.3,35.8,E,GCP,Iowa,us-central1-a,Google,90.7,64.2
12,45,500,0,512,1,10,23071,325.66,0.0141,8.6,34.9,E,GCP,Iowa,us-central1-a,Google,91.4,65.1
12,45,500,0,1024,1,10,23060,325.66,0.0141,9.1,35.7,E,GCP,Iowa,us-central1-a,Google,90.9,64.3
12,45,500,0,16,5,10,2713,325.66,0.12,9.3,7.1,E,GCP,Iowa,us-central1-a,Google,90.7,92.9
12,45,500,0,32,5,10,3760,325.66,0.0866,8.8,9.2,E,GCP,Iowa,us-central1-a,Google,91.2,90.8
12,45,500,0,64,5,10,5554,325.66,0.0586,8.7,13.2,E,GCP,Iowa,us-central1-a,Google,91.3,86.8
12,45,500,0,128,5,10,10767,325.66,0.0302,8.9,24.8,E,GCP,Iowa,us-central1-a,Google,91.1,75.2
12,45,500,0,256,5,10,18414,325.66,0.0177,8.8,44.2,E,GCP,Iowa,us-central1-a,Google,91.2,55.8
12,45,500,0,512,5,10,25927,325.66,0.0126,9.2,53.4,E,GCP,Iowa,us-central1-a,Google,90.8,46.6
12,45,500,0,1024,5,10,27408,325.66,0.0119,8.6,56.7,E,GCP,Iowa,us-central1-a,Google,91.4,43.3
12,45,10,1,16,1,10,1536,307.36,0.2001,8.9,4.4,E,GCP,Iowa,us-central1-a,Google,91.1,95.6
12,45,10,1,32,1,10,3491,307.36,0.088,8.7,7.8,E,GCP,Iowa,us-central1-a,Google,91.3,92.2
12,45,10,1,64,1,10,9002,307.36,0.0341,9.1,18.7,E,GCP,Iowa,us-central1-a,Google,90.9,81.3
12,45,10,1,128,1,10,20680,307.36,0.0149,9.2,34.8,E,GCP,Iowa,us-central1-a,Google,90.8,65.2
12,45,10,1,256,1,10,21464,307.36,0.0143,8.8,35.9,E,GCP,Iowa,us-central1-a,Google,91.2,64.1
12,45,10,1,512,1,10,21606,307.36,0.0142,8.9,36.3,E,GCP,Iowa,us-central1-a,Google,91.1,63.7
12,45,10,1,1024,1,10,21663,307.36,0.0142,9.1,36.6,E,GCP,Iowa,us-central1-a,Google,90.9,63.7
12,45,10,1,16,5,10,1206,307.36,0.2549,8.7,4.6,E,GCP,Iowa,us-central1-a,Google,91.3,95.4
12,45,10,1,32,5,10,1837,307.36,0.1673,8.5,5.8,E,GCP,Iowa,us-central1-a,Google,91.5,94.2
12,45,10,1,64,5,10,3015,307.36,0.1019,9.2,7.6,E,GCP,Iowa,us-central1-a,Google,90.8,92.4
12,45,10,1,128,5,10,5435,307.36,0.0566,9.1,11.6,E,GCP,Iowa,us-central1-a,Google,90.9,88.4
12,45,10,1,256,5,10,9711,307.36,0.0317,8.8,20.8,E,GCP,Iowa,us-central1-a,Google,91.2,79.2
12,45,10,1,512,5,10,12711,307.36,0.0242,8.9,27.8,E,GCP,Iowa,us-central1-a,Google,91.1,72.2
12,45,10,1,1024,5,10,12503,307.36,0.0246,8.7,28.3,E,GCP,Iowa,us-central1-a,Google,91.3,71.7
12,45,500,1,16,1,10,5534,390.66,0.0706,8.8,14.7,E,GCP,Iowa,us-central1-a,Google,91.2,85.3
12,45,500,1,32,1,10,9415,390.66,0.0415,8.9,20.8,E,GCP,Iowa,us-central1-a,Google,91.1,79.2
12,45,500,1,64,1,10,15879,390.66,0.0246,9.2,27.8,E,GCP,Iowa,us-central1-a,Google,90.8,72.2
12,45,500,1,128,1,10,19823,390.66,0.0197,9.2,38.1,E,GCP,Iowa,us-central1-a,Google,90.8,61.9
12,45,500,1,256,1,10,20006,390.66,0.0195,8.6,37.6,E,GCP,Iowa,us-central1-a,Google,91.4,62.4
12,45,500,1,512,1,10,20428,390.66,0.0191,9.1,38.7,E,GCP,Iowa,us-central1-a,Google,90.9,61.3
12,45,500,1,1024,1,10,20971,390.66,0.0186,8.9,39.3,E,GCP,Iowa,us-central1-a,Google,91.1,60.7
12,45,500,1,16,5,10,6287,390.66,0.0621,8.7,15.9,E,GCP,Iowa,us-central1-a,Google,91.3,84.1
12,45,500,1,32,5,10,8870,390.66,0.044,8.9,18.4,E,GCP,Iowa,us-central1-a,Google,91.1,81.6
12,45,500,1,64,5,10,12111,390.66,0.0323,8.8,27.3,E,GCP,Iowa,us-central1-a,Google,91.2,72.7
12,45,500,1,128,5,10,17950,390.66,0.0218,9.1,35.2,E,GCP,Iowa,us-central1-a,Google,90.9,64.8
12,45,500,1,256,5,10,23970,390.66,0.0163,9.3,44.6,E,GCP,Iowa,us-central1-a,Google,90.7,55.4
12,45,500,1,512,5,10,26818,390.66,0.0146,9.1,52.7,E,GCP,Iowa,us-central1-a,Google,90.9,47.3
12,45,500,1,1024,5,10,28319,390.66,0.0138,9.2,59.1,E,GCP,Iowa,us-central1-a,Google,90.8,40.9